{
  "vfe_only": {
    "n_seeds": 20,
    "rmse_at_change": {
      "median": 0.31344879442447515,
      "mean": 0.30175133932689163,
      "std": 0.15807666671258133,
      "iqr25": 0.22139670401576497,
      "iqr75": 0.4013459884327579,
      "ci95_low": 0.00898491003077218,
      "ci95_high": 0.5853676166932174
    },
    "task_err_final": {
      "median": 0.13883761400694183,
      "mean": 0.17160762749632327,
      "std": 0.11768723188055547,
      "iqr25": 0.134162971942191,
      "iqr75": 0.1710595169820994,
      "ci95_low": 0.0415989124569634,
      "ci95_high": 0.4487143833934366
    },
    "mean_abs_q2_phase1": {
      "median": 0.0002755197997301826,
      "mean": 0.00047633579927338146,
      "std": 0.0006968186975707032,
      "iqr25": 0.00017779248617606422,
      "iqr75": 0.0004857755878983498,
      "ci95_low": 7.12306546860493e-05,
      "ci95_high": 0.002245590931005489
    },
    "action_energy_phase1": {
      "median": 0.0003012531086818041,
      "mean": 0.0030575992537170875,
      "std": 0.008318634652647821,
      "iqr25": 0.00019147731150587763,
      "iqr75": 0.0005849511173162404,
      "ci95_low": 7.336839944640112e-05,
      "ci95_high": 0.02740324939282545
    },
    "frac_near_zero_q2": {
      "median": 1.0,
      "mean": 1.0,
      "std": 0.0,
      "iqr25": 1.0,
      "iqr75": 1.0,
      "ci95_low": 1.0,
      "ci95_high": 1.0
    },
    "data_rank_at_change": {
      "median": 2.0,
      "mean": 2.0,
      "std": 0.0,
      "iqr25": 2.0,
      "iqr75": 2.0,
      "ci95_low": 2.0,
      "ci95_high": 2.0
    },
    "info_gain_phase1": {
      "median": 1.0376482212563372,
      "mean": 1.0447356045711609,
      "std": 0.02924867033270394,
      "iqr25": 1.0371215564571932,
      "iqr75": 1.0383303594018949,
      "ci95_low": 1.0366391566909618,
      "ci95_high": 1.1115242712301143
    },
    "precision_condition_at_change": {
      "median": 57277.731156250986,
      "mean": 56896.56923903185,
      "std": 1488.0996380449792,
      "iqr25": 56919.89357487186,
      "iqr75": 57578.80253221876,
      "ci95_low": 53387.542653544144,
      "ci95_high": 58135.96591916136
    },
    "rmse_failure_rate": 0.9,
    "task_failure_rate": 0.95,
    "rmse_at_change_median": 0.31344879442447515,
    "task_err_final_median": 0.13883761400694183,
    "mean_abs_q2_phase1_median": 0.0002755197997301826,
    "action_energy_phase1_median": 0.0003012531086818041,
    "frac_near_zero_q2_median": 1.0
  },
  "random": {
    "n_seeds": 20,
    "rmse_at_change": {
      "median": 0.033485500558555106,
      "mean": 0.04873426198705912,
      "std": 0.04396227084872727,
      "iqr25": 0.022348783157569017,
      "iqr75": 0.07061008069020838,
      "ci95_low": 0.005489217927370601,
      "ci95_high": 0.15578011184934573
    },
    "task_err_final": {
      "median": 0.03678211992755249,
      "mean": 0.05238584084252852,
      "std": 0.04502179771343271,
      "iqr25": 0.02582791140783522,
      "iqr75": 0.0668349758875637,
      "ci95_low": 0.009772164936530473,
      "ci95_high": 0.16688074584590626
    },
    "mean_abs_q2_phase1": {
      "median": 0.09321959604031435,
      "mean": 0.08655047323920805,
      "std": 0.028992633717321945,
      "iqr25": 0.07163942576559038,
      "iqr75": 0.10248205674656757,
      "ci95_low": 0.03050425890375528,
      "ci95_high": 0.13359714906997328
    },
    "action_energy_phase1": {
      "median": 0.42008864943020907,
      "mean": 0.4218132313334194,
      "std": 0.046968535207163015,
      "iqr25": 0.3864257969412286,
      "iqr75": 0.44899676783767706,
      "ci95_low": 0.3455912813014166,
      "ci95_high": 0.49895362183496605
    },
    "frac_near_zero_q2": {
      "median": 0.5800000000000001,
      "mean": 0.63,
      "std": 0.19493588689617924,
      "iqr25": 0.515,
      "iqr75": 0.73,
      "ci95_low": 0.339,
      "ci95_high": 0.9904999999999999
    },
    "data_rank_at_change": {
      "median": 2.0,
      "mean": 2.0,
      "std": 0.0,
      "iqr25": 2.0,
      "iqr75": 2.0,
      "ci95_low": 2.0,
      "ci95_high": 2.0
    },
    "info_gain_phase1": {
      "median": 1.4306834307344207,
      "mean": 1.4136865484586079,
      "std": 0.0711893775267417,
      "iqr25": 1.3751105306596973,
      "iqr75": 1.4662622511384988,
      "ci95_low": 1.2794229781934825,
      "ci95_high": 1.5181759707136555
    },
    "precision_condition_at_change": {
      "median": 421.91673111333193,
      "mean": 582.0739918771679,
      "std": 574.2027697309709,
      "iqr25": 164.41164676081962,
      "iqr75": 734.9122077094689,
      "ci95_low": 77.24556121899123,
      "ci95_high": 2004.0524069164494
    },
    "rmse_failure_rate": 0.1,
    "task_failure_rate": 0.35,
    "rmse_at_change_median": 0.033485500558555106,
    "task_err_final_median": 0.03678211992755249,
    "mean_abs_q2_phase1_median": 0.09321959604031435,
    "action_energy_phase1_median": 0.42008864943020907,
    "frac_near_zero_q2_median": 0.5800000000000001
  },
  "scripted_q2": {
    "n_seeds": 20,
    "rmse_at_change": {
      "median": 0.021967490202942044,
      "mean": 0.029911582805680997,
      "std": 0.024556396802756054,
      "iqr25": 0.013800356193265487,
      "iqr75": 0.04033742111075989,
      "ci95_low": 0.002164071900474675,
      "ci95_high": 0.08864748908236243
    },
    "task_err_final": {
      "median": 0.0267963621430254,
      "mean": 0.03260259369040461,
      "std": 0.021232198124686536,
      "iqr25": 0.017695697099471892,
      "iqr75": 0.04119425645224297,
      "ci95_low": 0.010191255465829087,
      "ci95_high": 0.08349937555004064
    },
    "mean_abs_q2_phase1": {
      "median": 0.11246021105740779,
      "mean": 0.11246021105740782,
      "std": 2.8476619731297836e-17,
      "iqr25": 0.11246021105740779,
      "iqr75": 0.11246021105740779,
      "ci95_low": 0.11246021105740779,
      "ci95_high": 0.11246021105740779
    },
    "action_energy_phase1": {
      "median": 0.2893482709919207,
      "mean": 0.28934827099192073,
      "std": 5.695323946259567e-17,
      "iqr25": 0.2893482709919207,
      "iqr75": 0.2893482709919207,
      "ci95_low": 0.2893482709919207,
      "ci95_high": 0.2893482709919207
    },
    "frac_near_zero_q2": {
      "median": 0.4,
      "mean": 0.4000000000000001,
      "std": 5.695323946259567e-17,
      "iqr25": 0.4,
      "iqr75": 0.4,
      "ci95_low": 0.4,
      "ci95_high": 0.4
    },
    "data_rank_at_change": {
      "median": 2.0,
      "mean": 2.0,
      "std": 0.0,
      "iqr25": 2.0,
      "iqr75": 2.0,
      "ci95_low": 2.0,
      "ci95_high": 2.0
    },
    "info_gain_phase1": {
      "median": 1.3629916058106273,
      "mean": 1.3629916058106273,
      "std": 0.0,
      "iqr25": 1.3629916058106273,
      "iqr75": 1.3629916058106273,
      "ci95_low": 1.3629916058106273,
      "ci95_high": 1.3629916058106273
    },
    "precision_condition_at_change": {
      "median": 137.42756882918857,
      "mean": 137.4275688291886,
      "std": 2.9160058604848984e-14,
      "iqr25": 137.42756882918857,
      "iqr75": 137.42756882918857,
      "ci95_low": 137.42756882918857,
      "ci95_high": 137.42756882918857
    },
    "rmse_failure_rate": 0.0,
    "task_failure_rate": 0.15,
    "rmse_at_change_median": 0.021967490202942044,
    "task_err_final_median": 0.0267963621430254,
    "mean_abs_q2_phase1_median": 0.11246021105740779,
    "action_energy_phase1_median": 0.2893482709919207,
    "frac_near_zero_q2_median": 0.4
  },
  "fim_greedy": {
    "n_seeds": 20,
    "rmse_at_change": {
      "median": 0.020216223816092567,
      "mean": 0.02167337790192554,
      "std": 0.008899103857094153,
      "iqr25": 0.01664855653008689,
      "iqr75": 0.02683877396269395,
      "ci95_low": 0.007642237654137308,
      "ci95_high": 0.03748490502453772
    },
    "task_err_final": {
      "median": 0.023890688842643615,
      "mean": 0.0290924414908033,
      "std": 0.01964053276627821,
      "iqr25": 0.015476057071075645,
      "iqr75": 0.03648967354806355,