{
  "0.0": {
    "rmse_at_change_median": 0.3256567444322328,
    "rmse_at_change_q25": 0.20113789381313896,
    "rmse_at_change_q75": 0.3827173379813583,
    "task_err_final_median": 0.13883761400694183,
    "task_err_final_q25": 0.13413379278140045,
    "task_err_final_q75": 0.18085949731638856,
    "auc_rmse_ph1_median": 0.34893025485483425
  },
  "0.1": {
    "rmse_at_change_median": 0.007317741527330956,
    "rmse_at_change_q25": 0.004183317073540776,
    "rmse_at_change_q75": 0.013862800137906328,
    "task_err_final_median": 0.01244389450217195,
    "task_err_final_q25": 0.006219773997448299,
    "task_err_final_q75": 0.017218102100898885,
    "auc_rmse_ph1_median": 0.10830863832075921
  },
  "0.3": {
    "rmse_at_change_median": 0.006372806163152703,
    "rmse_at_change_q25": 0.0037466364963436353,
    "rmse_at_change_q75": 0.009783515152985641,
    "task_err_final_median": 0.013700275604081474,
    "task_err_final_q25": 0.01068388670998259,
    "task_err_final_q75": 0.01857859637674806,
    "auc_rmse_ph1_median": 0.10540317010200186
  },
  "0.5": {
    "rmse_at_change_median": 0.006484383607423001,
    "rmse_at_change_q25": 0.0035474037020724854,
    "rmse_at_change_q75": 0.009543856108157566,
    "task_err_final_median": 0.014405599352126666,
    "task_err_final_q25": 0.010801593971098554,
    "task_err_final_q75": 0.017580814033985,
    "auc_rmse_ph1_median": 0.10371596581107595
  },
  "1.0": {
    "rmse_at_change_median": 0.006405269407470788,
    "rmse_at_change_q25": 0.0036822562853641464,
    "rmse_at_change_q75": 0.009880739005309128,
    "task_err_final_median": 0.01411361154130537,
    "task_err_final_q25": 0.010371953414901977,
    "task_err_final_q75": 0.016564637869478167,
    "auc_rmse_ph1_median": 0.10219110133103279
  },
  "2.0": {
    "rmse_at_change_median": 0.0066021940344199,
    "rmse_at_change_q25": 0.004026648614382249,
    "rmse_at_change_q75": 0.0105587181578375,
    "task_err_final_median": 0.014635981021325975,
    "task_err_final_q25": 0.011446473553366006,
    "task_err_final_q75": 0.018995339813234768,
    "auc_rmse_ph1_median": 0.10196882472336599
  },
  "3.0": {
    "rmse_at_change_median": 0.007175829552652242,
    "rmse_at_change_q25": 0.0039516179151840355,
    "rmse_at_change_q75": 0.01065535425772331,
    "task_err_final_median": 0.014953177238774828,
    "task_err_final_q25": 0.011627446082949595,
    "task_err_final_q75": 0.019747096583619346,
    "auc_rmse_ph1_median": 0.1016732536544202
  },
  "5.0": {
    "rmse_at_change_median": 0.007853799312501826,
    "rmse_at_change_q25": 0.0034444352411059148,
    "rmse_at_change_q75": 0.010990452258636959,
    "task_err_final_median": 0.01562156947780403,
    "task_err_final_q25": 0.01095781583725362,
    "task_err_final_q75": 0.021466017276647188,
    "auc_rmse_ph1_median": 0.10120577846811377
  },
  "10.0": {
    "rmse_at_change_median": 0.007879045585750562,
    "rmse_at_change_q25": 0.004701777621425133,
    "rmse_at_change_q75": 0.010968680351381339,
    "task_err_final_median": 0.014845001719209144,
    "task_err_final_q25": 0.00983853481158694,
    "task_err_final_q75": 0.018520324215002767,
    "auc_rmse_ph1_median": 0.10033483142616495
  },
  "adaptive": {
    "rmse_at_change_median": 0.009183844212826493,
    "rmse_at_change_q25": 0.004276730691652958,
    "rmse_at_change_q75": 0.012768800074558363,
    "task_err_final_median": 0.013481378523817134,
    "task_err_final_q25": 0.008185794151084811,
    "task_err_final_q75": 0.018568069204052285,
    "auc_rmse_ph1_median": 0.1046345722822
  }
}