{
  "null_space": {
    "n_seeds": 5,
    "rmse_at_change": {
      "median": 0.0204317294294245,
      "values": [
        0.004333918895881796,
        0.013718698365275657,
        0.021371320738382327,
        0.04489791938598781,
        0.0204317294294245
      ]
    },
    "task_err_final": {
      "median": 0.017451681581376395,
      "values": [
        1.1621523019005762,
        0.006765768473100139,
        0.005537446930747411,
        0.017451681581376395,
        0.03330894596090634
      ]
    },
    "ee_hold_mean": {
      "median": 0.014675782937909828,
      "values": [
        0.014675782937909828,
        0.012801479542463034,
        0.01722874573166491,
        0.01567580946233348,
        0.014058614378680404
      ]
    },
    "probe_weight_mean_phase1": {
      "median": 0.0,
      "values": [
        0.0,
        0.0,
        0.0,
        0.0,
        0.0
      ]
    },
    "probe_gain_max_phase1": {
      "median": 0.0,
      "values": [
        0.0,
        0.0,
        0.0,
        0.0,
        0.0
      ]
    },
    "p_theta_rank_at_change": {
      "median": 4.0,
      "values": [
        4,
        4,
        4,
        4,
        4
      ]
    },
    "task_failure_rate": 0.2
  },
  "null_space_probe": {
    "n_seeds": 5,
    "rmse_at_change": {
      "median": 0.011319709368319152,
      "values": [
        0.012115654636714332,
        0.006737278539469232,
        0.006820952443833196,
        0.011319709368319152,
        0.015542559969193077
      ]
    },
    "task_err_final": {
      "median": 1.1662950233401932,
      "values": [
        0.00716637196244063,
        1.17963875129818,
        0.010979522240312664,
        1.1662950233401932,
        1.3677279663182338
      ]
    },
    "ee_hold_mean": {
      "median": 0.015781429253503607,
      "values": [
        0.013295463279507027,
        0.01273302368221788,
        0.015781429253503607,
        0.02378832917004036,
        0.029494981218958424
      ]
    },
    "probe_weight_mean_phase1": {
      "median": 0.21404382504459354,
      "values": [
        0.2122135460778307,
        0.21220541059480202,
        0.2762583892822506,
        0.2403951976223297,
        0.21404382504459354
      ]
    },
    "probe_gain_max_phase1": {
      "median": 0.25657141986125254,
      "values": [
        0.25657141986125254,
        0.25657141986125254,
        0.25657141986125254,
        0.25657141986125254,
        0.25657141986125254
      ]
    },
    "p_theta_rank_at_change": {
      "median": 4.0,
      "values": [
        4,
        4,
        4,
        4,
        4
      ]
    },
    "task_failure_rate": 0.6
  },
  "null_space_probe_recovery": {
    "n_seeds": 5,
    "rmse_at_change": {
      "median": 0.012523564727006062,
      "values": [
        0.014867169526739183,
        0.009422813527092986,
        0.0019891712651208017,
        0.012523564727006062,
        0.016662372793919033
      ]
    },
    "task_err_final": {
      "median": 0.0062597509714225645,
      "values": [
        0.0062597509714225645,
        0.01172694256461177,
        0.0016284128877999964,
        0.0035963180219936554,
        0.8874530564292368
      ]
    },
    "ee_hold_mean": {
      "median": 0.05846140058930986,
      "values": [
        0.06505881082429464,
        0.0462022260825021,
        0.06416447745417993,
        0.05715078156043338,
        0.05846140058930986
      ]
    },
    "probe_weight_mean_phase1": {
      "median": 0.18531146759161066,
      "values": [
        0.18210381032369446,
        0.18531146759161066,
        0.2181067216206767,
        0.20341475307424342,
        0.16138773706052456
      ]
    },
    "probe_gain_max_phase1": {
      "median": 0.25657141986125254,
      "values": [
        0.25657141986125254,
        0.25657141986125254,
        0.25657141986125254,
        0.25657141986125254,
        0.25657141986125254
      ]
    },
    "p_theta_rank_at_change": {
      "median": 4.0,
      "values": [
        4,
        4,
        4,
        4,
        4
      ]
    },
    "task_failure_rate": 0.2
  },
  "null_space_probe_posture": {
    "n_seeds": 5,
    "rmse_at_change": {
      "median": 0.011319709368319152,
      "values": [
        0.012115654636714332,
        0.006737278539469232,
        0.006820952443833196,
        0.011319709368319152,
        0.015542559969193077
      ]
    },
    "task_err_final": {
      "median": 0.005803691296482302,
      "values": [
        0.007888455219001776,
        0.005803691296482302,
        0.0014591085824737758,
        0.0024523365864341008,
        0.007961105596895729
      ]
    },
    "ee_hold_mean": {
      "median": 0.015781429253503607,
      "values": [
        0.013295463279507027,
        0.01273302368221788,
        0.015781429253503607,
        0.02378832917004036,
        0.029494981218958424
      ]
    },
    "probe_weight_mean_phase1": {
      "median": 0.21404382504459354,
      "values": [
        0.2122135460778307,
        0.21220541059480202,
        0.2762583892822506,
        0.2403951976223297,
        0.21404382504459354
      ]
    },
    "probe_gain_max_phase1": {
      "median": 0.25657141986125254,
      "values": [
        0.25657141986125254,
        0.25657141986125254,
        0.25657141986125254,
        0.25657141986125254,
        0.25657141986125254
      ]
    },
    "p_theta_rank_at_change": {
      "median": 4.0,
      "values": [
        4,
        4,
        4,
        4,
        4
      ]
    },
    "task_failure_rate": 0.0
  }
}