{
  "0.01": {
    "vfe_only": {
      "rmse_at_change_median": 0.3128769560881123,
      "rmse_at_change_q25": 0.2231513306944239,
      "rmse_at_change_q75": 0.40283259824188045,
      "task_err_final_median": 0.13552996812243917,
      "task_err_final_q25": 0.13399371130126989,
      "task_err_final_q75": 0.15669152561526978,
      "action_energy_median": 1.354633641926475e-06,
      "rmse_failure_rate": 0.9,
      "task_failure_rate": 0.95,
      "n_seeds": 20
    },
    "dual_weak": {
      "rmse_at_change_median": 0.003011896230113978,
      "rmse_at_change_q25": 0.002188766111642216,
      "rmse_at_change_q75": 0.004631917234311417,
      "task_err_final_median": 0.012222229085476804,
      "task_err_final_q25": 0.009767890311057245,
      "task_err_final_q75": 0.014029151196563484,
      "action_energy_median": 0.6665135894561732,
      "rmse_failure_rate": 0.0,
      "task_failure_rate": 0.0,
      "n_seeds": 20
    },
    "fim_greedy_cost_matched": {
      "rmse_at_change_median": 0.006980340442230931,
      "rmse_at_change_q25": 0.00424327269408821,
      "rmse_at_change_q75": 0.008726925695408035,
      "task_err_final_median": 0.01891709877371365,
      "task_err_final_q25": 0.011683676126881155,
      "task_err_final_q75": 0.023549136337629645,
      "action_energy_median": 0.6670000000000001,
      "rmse_failure_rate": 0.0,
      "task_failure_rate": 0.0,
      "n_seeds": 20
    }
  },
  "0.02": {
    "vfe_only": {
      "rmse_at_change_median": 0.31344879442445883,
      "rmse_at_change_q25": 0.22139670401576467,
      "rmse_at_change_q75": 0.4013459884327615,
      "task_err_final_median": 0.14066381616119822,
      "task_err_final_q25": 0.1342286580069823,
      "task_err_final_q75": 0.17721062781316702,
      "action_energy_median": 5.51062027333913e-06,
      "rmse_failure_rate": 0.9,
      "task_failure_rate": 0.95,
      "n_seeds": 20
    },
    "dual_weak": {
      "rmse_at_change_median": 0.0061607908137730925,
      "rmse_at_change_q25": 0.00450130762568631,
      "rmse_at_change_q75": 0.009272335483095563,
      "task_err_final_median": 0.012868478351161856,
      "task_err_final_q25": 0.010178334196090452,
      "task_err_final_q75": 0.015492291438855135,
      "action_energy_median": 0.6628192990202952,
      "rmse_failure_rate": 0.0,
      "task_failure_rate": 0.0,
      "n_seeds": 20
    },
    "fim_greedy_cost_matched": {
      "rmse_at_change_median": 0.013961508645560197,
      "rmse_at_change_q25": 0.008486385915392478,
      "rmse_at_change_q75": 0.017454477658815724,
      "task_err_final_median": 0.02079551386525163,
      "task_err_final_q25": 0.010372034272561134,
      "task_err_final_q75": 0.028928679792577308,
      "action_energy_median": 0.6670000000000001,
      "rmse_failure_rate": 0.0,
      "task_failure_rate": 0.1,
      "n_seeds": 20
    }
  },
  "0.03": {
    "vfe_only": {
      "rmse_at_change_median": 0.31405138604408545,
      "rmse_at_change_q25": 0.21967783371209543,
      "rmse_at_change_q75": 0.39988310020355833,
      "task_err_final_median": 0.14340508689024295,
      "task_err_final_q25": 0.13475657366525284,
      "task_err_final_q75": 0.1850835999453182,
      "action_energy_median": 1.2485229761985601e-05,
      "rmse_failure_rate": 0.9,
      "task_failure_rate": 0.95,
      "n_seeds": 20
    },
    "dual_weak": {
      "rmse_at_change_median": 0.00950912820076067,
      "rmse_at_change_q25": 0.006967216253773757,
      "rmse_at_change_q75": 0.013878293396909498,
      "task_err_final_median": 0.0172636954461202,
      "task_err_final_q25": 0.012902055413553645,
      "task_err_final_q75": 0.020434302696544993,
      "action_energy_median": 0.6598594731789664,
      "rmse_failure_rate": 0.0,
      "task_failure_rate": 0.0,
      "n_seeds": 20
    },
    "fim_greedy_cost_matched": {
      "rmse_at_change_median": 0.020944333364622786,
      "rmse_at_change_q25": 0.012729180208110171,
      "rmse_at_change_q75": 0.026183277934706938,
      "task_err_final_median": 0.024881742121112535,
      "task_err_final_q25": 0.016950186726271303,
      "task_err_final_q75": 0.03484430582117101,
      "action_energy_median": 0.6670000000000001,
      "rmse_failure_rate": 0.0,
      "task_failure_rate": 0.15,
      "n_seeds": 20
    }
  },
  "0.04": {
    "vfe_only": {
      "rmse_at_change_median": 0.3146857460205711,
      "rmse_at_change_q25": 0.21799577857746213,
      "rmse_at_change_q75": 0.3985741850503395,
      "task_err_final_median": 0.14250877221092995,
      "task_err_final_q25": 0.13560187918716665,
      "task_err_final_q75": 0.1959371559243211,
      "action_energy_median": 2.186896290671465e-05,
      "rmse_failure_rate": 0.9,
      "task_failure_rate": 1.0,
      "n_seeds": 20
    },
    "dual_weak": {
      "rmse_at_change_median": 0.012867805255714848,
      "rmse_at_change_q25": 0.008474670637557932,
      "rmse_at_change_q75": 0.01848233458461307,
      "task_err_final_median": 0.020130434973888695,
      "task_err_final_q25": 0.013990224592393059,
      "task_err_final_q75": 0.026310716028864645,
      "action_energy_median": 0.660268721497681,
      "rmse_failure_rate": 0.0,
      "task_failure_rate": 0.0,
      "n_seeds": 20
    },
    "fim_greedy_cost_matched": {
      "rmse_at_change_median": 0.027929645304280937,
      "rmse_at_change_q25": 0.016971496163329852,
      "rmse_at_change_q75": 0.03491394015231818,
      "task_err_final_median": 0.03304325510519006,
      "task_err_final_q25": 0.025513148345117725,
      "task_err_final_q75": 0.04300994390664501,
      "action_energy_median": 0.6670000000000001,
      "rmse_failure_rate": 0.0,
      "task_failure_rate": 0.15,
      "n_seeds": 20
    }
  },
  "0.05": {
    "vfe_only": {
      "rmse_at_change_median": 0.31535288502825387,
      "rmse_at_change_q25": 0.2163516519728766,
      "rmse_at_change_q75": 0.3974656141024926,
      "task_err_final_median": 0.139297107359587,
      "task_err_final_q25": 0.1343662580433479,
      "task_err_final_q75": 0.19399908815681216,
      "action_energy_median": 3.334627657126572e-05,
      "rmse_failure_rate": 0.9,
      "task_failure_rate": 1.0,
      "n_seeds": 20
    },
    "dual_weak": {
      "rmse_at_change_median": 0.01642634312144378,
      "rmse_at_change_q25": 0.010389848278587025,
      "rmse_at_change_q75": 0.023145365032144205,
      "task_err_final_median": 0.02577347894499015,
      "task_err_final_q25": 0.015565092946910681,
      "task_err_final_q75": 0.03361925092091611,
      "action_energy_median": 0.6619390477646955,
      "rmse_failure_rate": 0.0,
      "task_failure_rate": 0.0,
      "n_seeds": 20
    },
    "fim_greedy_cost_matched": {
      "rmse_at_change_median": 0.034918278003571,
      "rmse_at_change_q25": 0.021213174474137363,
      "rmse_at_change_q75": 0.04364706539677582,
      "task_err_final_median": 0.04004267900346559,
      "task_err_final_q25": 0.035086838146631744,
      "task_err_final_q75": 0.05096377575646085,
      "action_energy_median": 0.6670000000000001,
      "rmse_failure_rate": 0.0,
      "task_failure_rate": 0.3,
      "n_seeds": 20
    }
  },
  "0.075": {
    "vfe_only": {
      "rmse_at_change_median": 0.30799884340053646,
      "rmse_at_change_q25": 0.21036730842987733,
      "rmse_at_change_q75": 0.3802447187149596,
      "task_err_final_median": 0.17997348028212867,
      "task_err_final_q25": 0.14315552038669466,
      "task_err_final_q75": 0.22439554233564657,
      "action_energy_median": 8.195699710769978e-05,
      "rmse_failure_rate": 1.0,
      "task_failure_rate": 1.0,
      "n_seeds": 20
    },
    "dual_weak": {
      "rmse_at_change_median": 0.026662830702257057,
      "rmse_at_change_q25": 0.01868715351939134,
      "rmse_at_change_q75": 0.03509470397056171,
      "task_err_final_median": 0.03488382225913439,
      "task_err_final_q25": 0.02110136186533725,
      "task_err_final_q75": 0.04662980336018964,
      "action_energy_median": 0.6596300385915048,
      "rmse_failure_rate": 0.0,
      "task_failure_rate": 0.2,