{
  "args": {
    "episodes": 100,
    "seed": 0,
    "max_steps": 20,
    "p_contact": 0.9,
    "p_bg": 0.05,
    "pi_max": 5.0,
    "noise_floor": 0.1,
    "no_plot": true,
    "out": "results/realistic_tactile.json",
    "realistic": true,
    "proprio_accuracy": 1.0,
    "fairness_check": false
  },
  "results": [
    {
      "label": "A: no-occ/soft",
      "mean": 3.27,
      "std": 1.384593803250614,
      "contacted": 100,
      "n": 100,
      "steps": [
        2,
        4,
        5,
        2,
        2,
        5,
        2,
        2,
        5,
        2,
        2,
        5,
        2,
        2,
        5,
        2,
        4,
        5,
        2,
        2,
        5,
        2,
        2,
        5,
        2,
        2,
        5,
        2,
        2,
        5,
        2,
        2,
        5,
        2,
        2,
        5,
        2,
        2,
        5,
        2,
        2,
        5,
        2,
        4,
        5,
        2,
        4,
        5,
        2,
        2,
        5,
        2,
        2,
        5,
        2,
        4,
        5,
        2,
        4,
        5,
        2,
        4,
        5,
        2,
        2,
        5,
        2,
        2,
        5,
        2,
        2,
        5,
        2,
        2,
        5,
        2,
        4,
        5,
        2,
        2,
        5,
        2,
        4,
        5,
        2,
        4,
        5,
        2,
        4,
        5,
        2,
        4,
        5,
        2,
        4,
        5,
        2,
        4,
        5,
        2
      ]
    },
    {
      "label": "B: full-occ/binary",
      "mean": 6.63,
      "std": 5.647397630767643,
      "contacted": 100,
      "n": 100,
      "steps": [
        1,
        12,
        15,
        2,
        12,
        15,
        1,
        3,
        15,
        1,
        12,
        15,
        2,
        3,
        15,
        2,
        12,
        15,
        2,
        3,
        15,
        2,
        3,
        15,
        1,
        3,
        15,
        2,
        3,
        4,
        1,
        12,
        4,
        1,
        3,
        15,
        1,
        3,
        4,
        1,
        12,
        15,
        2,
        12,
        15,
        1,
        12,
        4,
        2,
        3,
        4,
        1,
        3,
        15,
        1,
        12,
        4,
        2,
        12,
        4,
        2,
        12,
        15,
        1,
        12,
        15,
        1,
        3,
        15,
        1,
        3,
        15,
        1,
        12,
        4,
        2,
        3,
        15,
        2,
        3,
        15,
        1,
        12,
        4,
        1,
        12,
        15,
        2,
        3,
        4,
        1,
        3,
        4,
        2,
        12,
        4,
        1,
        12,
        15,
        1
      ]
    },
    {
      "label": "C: full-occ/soft",
      "mean": 4.76,
      "std": 2.953370955366088,
      "contacted": 100,
      "n": 100,
      "steps": [
        1,
        3,
        6,
        1,
        3,
        6,
        1,
        3,
        9,
        1,
        3,
        9,
        2,
        8,
        6,
        2,
        8,
        6,
        2,
        8,
        9,
        2,
        8,
        9,
        1,
        8,
        6,
        1,
        3,
        6,
        1,
        3,
        9,
        1,
        8,
        9,
        2,
        8,
        6,
        1,
        3,
        6,
        2,
        8,
        6,
        2,
        8,
        6,
        1,
        8,
        6,
        1,
        8,
        6,
        2,
        3,
        6,
        2,
        3,
        9,
        2,
        3,
        9,
        1,
        3,
        9,
        2,
        8,
        9,
        1,
        3,
        9,
        2,
        3,
        9,
        1,
        3,
        6,
        1,
        8,
        9,
        2,
        8,
        6,
        1,
        3,
        6,
        2,
        8,
        9,
        2,
        8,
        6,
        2,
        8,
        6,
        2,
        3,
        6,
        2
      ]
    },
    {
      "label": "D: full-occ/sw",
      "mean": 6.97,
      "std": 7.009215362649375,
      "contacted": 79,
      "n": 100,
      "steps": [
        2,
        3,
        4,
        1,
        3,
        4,
        1,
        7,
        20,
        1,
        7,
        20,
        1,
        7,
        4,
        2,
        7,
        20,
        2,
        7,
        20,
        1,
        7,
        20,
        1,
        7,
        4,
        2,
        3,
        20,
        1,
        7,
        20,
        1,
        7,
        4,
        1,
        7,
        4,
        2,
        3,
        20,
        2,
        7,
        20,
        2,
        3,
        20,
        2,
        7,
        20,
        1,
        3,
        20,
        1,
        7,
        20,
        1,
        3,
        4,
        1,
        3,
        20,
        1,
        3,
        20,
        2,
        7,
        20,
        2,
        7,
        4,
        2,
        3,
        4,
        2,
        7,
        20,
        1,
        7,
        20,
        2,
        3,
        20,
        1,
        7,
        20,
        1,
        3,
        4,
        1,
        3,
        4,
        2,
        7,
        20,
        2,
        7,
        4,
        2
      ]
    },
    {
      "label": "E: full-occ/sw+proprio [realistic]",
      "mean": 1.99,
      "std": 0.8184741901856161,
      "contacted": 100,
      "n": 100,
      "steps": [
        1,
        2,
        3,
        1,
        2,
        3,
        1,
        2,
        3,
        1,
        2,
        3,
        1,
        2,
        3,
        1,
        2,
        3,
        1,
        2,
        3,
        1,
        2,
        3,
        1,
        2,
        3,
        1,
        2,
        3,
        1,
        2,
        3,
        1,
        2,
        3,
        1,
        2,
        3,
        1,
        2,
        3,
        1,
        2,
        3,
        1,
        2,
        3,
        1,
        2,
        3,
        1,
        2,
        3,
        1,
        2,
        3,
        1,
        2,
        3,
        1,
        2,
        3,
        1,
        2,
        3,
        1,
        2,
        3,
        1,
        2,
        3,
        1,
        2,
        3,
        1,
        2,
        3,
        1,
        2,
        3,
        1,
        2,
        3,
        1,
        2,
        3,
        1,
        2,
        3,
        1,
        2,
        3,
        1,
        2,
        3,
        1,
        2,
        3,
        1
      ]
    },
    {
      "label": "F: proprio+always-on",
      "mean": 1.99,
      "std": 0.8184741901856161,
      "contacted": 100,
      "n": 100,