{
  "vfe_only": {
    "n_seeds": 50,
    "rmse_at_change": {
      "median": 0.17853592891396025,
      "mean": 0.17853634986551953,
      "std": 8.583496976669592e-07,
      "ci95_low": 0.17853571167772256,
      "ci95_high": 0.17853867041367846
    },
    "task_err_final": {
      "median": 0.16245672368431352,
      "mean": 0.16239082262619817,
      "std": 0.0005675089325457525,
      "ci95_low": 0.16127872755910966,
      "ci95_high": 0.16327536926665911
    },
    "ee_hold_err_phase1": {
      "median": 6.793692049011895e-21,
      "mean": 7.053369506502613e-21,
      "std": 5.028143587820671e-21,
      "ci95_low": 0.0,
      "ci95_high": 1.8104726979392158e-20
    },
    "p_theta_rank_at_change": {
      "median": 1.0,
      "mean": 1.0,
      "std": 0.0,
      "ci95_low": 1.0,
      "ci95_high": 1.0
    },
    "rmse_failure_rate": 1.0,
    "task_failure_rate": 1.0
  },
  "dual_lambda": {
    "n_seeds": 50,
    "rmse_at_change": {
      "median": 0.17853592891396025,
      "mean": 0.17853634986551953,
      "std": 8.583496976669592e-07,
      "ci95_low": 0.17853571167772256,
      "ci95_high": 0.17853867041367846
    },
    "task_err_final": {
      "median": 0.16245672368431352,
      "mean": 0.16239082262619817,
      "std": 0.0005675089325457456,
      "ci95_low": 0.16127872755910966,
      "ci95_high": 0.16327536926665911
    },
    "ee_hold_err_phase1": {
      "median": 0.0,
      "mean": 0.0,
      "std": 0.0,
      "ci95_low": 0.0,
      "ci95_high": 0.0
    },
    "p_theta_rank_at_change": {
      "median": 1.0,
      "mean": 1.0,
      "std": 0.0,
      "ci95_low": 1.0,
      "ci95_high": 1.0
    },
    "rmse_failure_rate": 1.0,
    "task_failure_rate": 1.0
  },
  "null_space": {
    "n_seeds": 50,
    "rmse_at_change": {
      "median": 0.02821202838710838,
      "mean": 0.039049631046330927,
      "std": 0.040235843305857784,
      "ci95_low": 0.005065001499609942,
      "ci95_high": 0.17853586473087105
    },
    "task_err_final": {
      "median": 0.04066515435012337,
      "mean": 0.25378310356022893,
      "std": 0.4448703639383991,
      "ci95_low": 0.004667736539349903,
      "ci95_high": 1.2647142867858263
    },
    "ee_hold_err_phase1": {
      "median": 0.012808917690688381,
      "mean": 0.013906934490059496,
      "std": 0.007498652241415137,
      "ci95_low": 0.0,
      "ci95_high": 0.03039274753417727
    },
    "p_theta_rank_at_change": {
      "median": 4.0,
      "mean": 3.82,
      "std": 0.7196938124462857,
      "ci95_low": 1.0,
      "ci95_high": 4.0
    },
    "rmse_failure_rate": 0.08,
    "task_failure_rate": 0.28
  }
}