{
  "vfe_only": {
    "n_seeds": 50,
    "rmse_at_change": {
      "median": 0.17853592891396036,
      "mean": 0.17853634986551958,
      "std": 8.583496976854773e-07,
      "ci95_low": 0.17853571167772267,
      "ci95_high": 0.17853867041367852
    },
    "task_err_final": {
      "median": 0.1624567236843137,
      "mean": 0.1623908226261982,
      "std": 0.0005675089325457331,
      "ci95_low": 0.1612787275591098,
      "ci95_high": 0.16327536926665928
    },
    "ee_hold_err_phase1": {
      "median": 6.3359399021285436e-21,
      "mean": 6.7105546317961985e-21,
      "std": 5.059198012572915e-21,
      "ci95_low": 4.791953457094253e-23,
      "ci95_high": 1.9909986658337532e-20
    },
    "p_theta_rank_at_change": {
      "median": 1.0,
      "mean": 1.0,
      "std": 0.0,
      "ci95_low": 1.0,
      "ci95_high": 1.0
    },
    "probe_weight_mean_phase1": {
      "median": 0.0,
      "mean": 0.0,
      "std": 0.0,
      "ci95_low": 0.0,
      "ci95_high": 0.0
    },
    "probe_gain_max_phase1": {
      "median": 0.0,
      "mean": 0.0,
      "std": 0.0,
      "ci95_low": 0.0,
      "ci95_high": 0.0
    },
    "rmse_failure_rate": 1.0,
    "task_failure_rate": 1.0
  },
  "dual_lambda": {
    "n_seeds": 50,
    "rmse_at_change": {
      "median": 0.17853592891396036,
      "mean": 0.17853634986551958,
      "std": 8.583496976854773e-07,
      "ci95_low": 0.17853571167772267,
      "ci95_high": 0.17853867041367852
    },
    "task_err_final": {
      "median": 0.1624567236843137,
      "mean": 0.1623908226261982,
      "std": 0.0005675089325457414,
      "ci95_low": 0.16127872755910957,
      "ci95_high": 0.16327536926665928
    },
    "ee_hold_err_phase1": {
      "median": 0.0,
      "mean": 0.0,
      "std": 0.0,
      "ci95_low": 0.0,
      "ci95_high": 0.0
    },
    "p_theta_rank_at_change": {
      "median": 1.0,
      "mean": 1.0,
      "std": 0.0,
      "ci95_low": 1.0,
      "ci95_high": 1.0
    },
    "probe_weight_mean_phase1": {
      "median": 0.0,
      "mean": 0.0,
      "std": 0.0,
      "ci95_low": 0.0,
      "ci95_high": 0.0
    },
    "probe_gain_max_phase1": {
      "median": 0.0,
      "mean": 0.0,
      "std": 0.0,
      "ci95_low": 0.0,
      "ci95_high": 0.0
    },
    "rmse_failure_rate": 1.0,
    "task_failure_rate": 1.0
  },
  "null_space": {
    "n_seeds": 50,
    "rmse_at_change": {
      "median": 0.02736291111078322,
      "mean": 0.041035664168128226,
      "std": 0.043099704793825404,
      "ci95_low": 0.006198296340862888,
      "ci95_high": 0.17853587453798622
    },
    "task_err_final": {
      "median": 0.029712105507295916,
      "mean": 0.27912193121891393,
      "std": 0.47982007660981174,
      "ci95_low": 0.005813819277776775,
      "ci95_high": 1.3975412071181046
    },
    "ee_hold_err_phase1": {
      "median": 0.013530796036309106,
      "mean": 0.013240882881196694,
      "std": 0.006838874234311208,
      "ci95_low": 4.78416758098872e-18,
      "ci95_high": 0.025893939150044586
    },
    "p_theta_rank_at_change": {
      "median": 4.0,
      "mean": 3.82,
      "std": 0.7196938124462857,
      "ci95_low": 1.0,
      "ci95_high": 4.0
    },
    "probe_weight_mean_phase1": {
      "median": 0.0,
      "mean": 0.0,
      "std": 0.0,
      "ci95_low": 0.0,
      "ci95_high": 0.0
    },
    "probe_gain_max_phase1": {
      "median": 0.0,
      "mean": 0.0,
      "std": 0.0,
      "ci95_low": 0.0,
      "ci95_high": 0.0
    },
    "rmse_failure_rate": 0.12,
    "task_failure_rate": 0.3
  },
  "null_space_probe": {
    "n_seeds": 50,
    "rmse_at_change": {
      "median": 0.012530427570375608,
      "mean": 0.01671597796301858,
      "std": 0.0125470263345382,
      "ci95_low": 0.0036509329058934704,
      "ci95_high": 0.04977907201370588
    },
    "task_err_final": {
      "median": 0.04810015865503151,
      "mean": 0.4005421004988723,
      "std": 0.5182389403939605,
      "ci95_low": 0.0030060675344525645,
      "ci95_high": 1.3668608479988185
    },
    "ee_hold_err_phase1": {
      "median": 0.014634600577794952,
      "mean": 0.016525310930872984,
      "std": 0.006295479426648899,
      "ci95_low": 0.008975235106295398,
      "ci95_high": 0.03291379516458166
    },
    "p_theta_rank_at_change": {
      "median": 4.0,
      "mean": 4.0,
      "std": 0.0,
      "ci95_low": 4.0,
      "ci95_high": 4.0
    },
    "probe_weight_mean_phase1": {
      "median": 0.2509000756228905,
      "mean": 0.2414927654317032,
      "std": 0.060767962958848266,
      "ci95_low": 0.11517662198147427,
      "ci95_high": 0.3232081497738746
    },
    "probe_gain_max_phase1": {
      "median": 0.25657141986125254,
      "mean": 0.25657141986125254,
      "std": 0.0,
      "ci95_low": 0.25657141986125254,
      "ci95_high": 0.25657141986125254
    },
    "rmse_failure_rate": 0.0,
    "task_failure_rate": 0.44
  },
  "null_space_probe_recovery": {
    "n_seeds": 50,
    "rmse_at_change": {
      "median": 0.008996371095374895,
      "mean": 0.011181852647921686,
      "std": 0.008161821114228236,
      "ci95_low": 0.002289265986401964,
      "ci95_high": 0.031124134225003923
    },
    "task_err_final": {
      "median": 0.008324230390856474,
      "mean": 0.1968117228135678,
      "std": 0.3845699328688729,
      "ci95_low": 0.001396353268660856,
      "ci95_high": 1.0931922683554591
    },
    "ee_hold_err_phase1": {
      "median": 0.05187768423714974,
      "mean": 0.04992079335215968,
      "std": 0.016380817182300698,
      "ci95_low": 0.02520796847386352,
      "ci95_high": 0.07564662322721259
    },
    "p_theta_rank_at_change": {
      "median": 4.0,
      "mean": 4.0,
      "std": 0.0,
      "ci95_low": 4.0,
      "ci95_high": 4.0
    },
    "probe_weight_mean_phase1": {
      "median": 0.20269451789661772,
      "mean": 0.19940216960093438,
      "std": 0.047711594159795624,
      "ci95_low": 0.10297596490664081,
      "ci95_high": 0.2730174626469946
    },
    "probe_gain_max_phase1": {
      "median": 0.25657141986125254,
      "mean": 0.25657141986125254,
      "std": 0.0,
      "ci95_low": 0.25657141986125254,
      "ci95_high": 0.25657141986125254
    },
    "rmse_failure_rate": 0.0,
    "task_failure_rate": 0.2
  },
  "null_space_probe_posture": {
    "n_seeds": 50,
    "rmse_at_change": {
      "median": 0.012530427570375608,
      "mean": 0.01671597796301858,
      "std": 0.0125470263345382,
      "ci95_low": 0.0036509329058934704,
      "ci95_high": 0.04977907201370588
    },
    "task_err_final": {
      "median": 0.005946441056830889,
      "mean": 0.008297976104687153,
      "std": 0.007107726119032895,
      "ci95_low": 0.00115464250220578,
      "ci95_high": 0.02421769006076577
    },
    "ee_hold_err_phase1": {
      "median": 0.014634600577794952,
      "mean": 0.016525310930872984,
      "std": 0.006295479426648899,
      "ci95_low": 0.008975235106295398,
      "ci95_high": 0.03291379516458166
    },
    "p_theta_rank_at_change": {
      "median": 4.0,
      "mean": 4.0,
      "std": 0.0,
      "ci95_low": 4.0,
      "ci95_high": 4.0
    },
    "probe_weight_mean_phase1": {
      "median": 0.2509000756228905,
      "mean": 0.2414927654317032,
      "std": 0.060767962958848266,
      "ci95_low": 0.11517662198147427,
      "ci95_high": 0.3232081497738746
    },
    "probe_gain_max_phase1": {
      "median": 0.25657141986125254,
      "mean": 0.25657141986125254,
      "std": 0.0,
      "ci95_low": 0.25657141986125254,
      "ci95_high": 0.25657141986125254
    },
    "rmse_failure_rate": 0.0,
    "task_failure_rate": 0.0
  },
  "null_space_probe_recovery_posture": {
    "n_seeds": 50,
    "rmse_at_change": {
      "median": 0.008996371095374895,
      "mean": 0.011181852647921686,
      "std": 0.008161821114228236,
      "ci95_low": 0.002289265986401964,
      "ci95_high": 0.031124134225003923
    },
    "task_err_final": {
      "median": 0.004567963950451906,
      "mean": 0.016578012656794597,
      "std": 0.07312538102192703,
      "ci95_low": 0.0009518847404446968,