{
  "n_seeds": 50,
  "failure_mode_counts": {
    "success": 36,
    "task_control": 10,
    "estimation_failure": 4
  },
  "by_mode": {
    "success": {
      "rmse_at_change": {
        "median": 0.025875517160254595,
        "mean": 0.027382703000972765,
        "min": 0.005948388863753108,
        "max": 0.0647018271291769
      },
      "task_err_final": {
        "median": 0.016285473996587016,
        "mean": 0.022162642938456448,
        "min": 0.0037263317750704616,
        "max": 0.08812525157324518
      },
      "task_err_at_phase2_start": {
        "median": 1.5174785157665327,
        "mean": 1.514901458212877,
        "min": 1.4865329464234724,
        "max": 1.5285683707409476
      },
      "ee_hold_err_phase1_mean": {
        "median": 0.015427009595449011,
        "mean": 0.0156924087499162,
        "min": 0.007002959093812613,
        "max": 0.031293244532047626
      },
      "ee_hold_err_phase1_max": {
        "median": 0.1597628828491014,
        "mean": 0.1700743959829772,
        "min": 0.060368676841283664,
        "max": 0.34381871406746084
      },
      "projection_leak_mean": {
        "median": 1.836877049944783e-16,
        "mean": 1.8709736440836066e-16,
        "min": 1.1793622216701803e-16,
        "max": 2.9100981715321576e-16
      },
      "projection_leak_max": {
        "median": 4.352427990795232e-15,
        "mean": 5.1052792873993995e-15,
        "min": 1.5415055785740169e-15,
        "max": 1.1123220074311319e-14
      },
      "p_theta_rank_at_change": {
        "median": 4.0,
        "mean": 4.0,
        "min": 4.0,
        "max": 4.0
      },
      "p_theta_min_eig_at_change": {
        "median": 493.8161404115058,
        "mean": 587.0341543984227,
        "min": 74.89482760955934,
        "max": 2043.470249299721
      },
      "action_energy_phase1_mean": {
        "median": 0.6982539005237725,
        "mean": 0.8584290008660871,
        "min": 0.34565411913173194,
        "max": 1.950865019487928
      },
      "null_motion_energy_mean": {
        "median": 1.578874287556644,
        "mean": 1.5713272339479434,
        "min": 0.890651623199458,
        "max": 3.053509469206152
      }
    },
    "task_control": {
      "rmse_at_change": {
        "median": 0.019126441216645907,
        "mean": 0.023776605053185212,
        "min": 0.004808534206304791,
        "max": 0.06199582134458372
      },
      "task_err_final": {
        "median": 1.1901852432418594,
        "mean": 0.993645062044753,
        "min": 0.35758009033573557,
        "max": 1.4312390568344828
      },
      "task_err_at_phase2_start": {
        "median": 1.5173408200412073,
        "mean": 1.5118831573839588,
        "min": 1.4680041887140158,
        "max": 1.5185172156529412
      },
      "ee_hold_err_phase1_mean": {
        "median": 0.011546260703344097,
        "mean": 0.012490932922738063,
        "min": 0.004579171953551134,
        "max": 0.021037932185127606
      },
      "ee_hold_err_phase1_max": {
        "median": 0.14067591478377506,
        "mean": 0.14852980458726964,
        "min": 0.07046043337625246,
        "max": 0.3237910630332871
      },
      "projection_leak_mean": {
        "median": 1.864004303163038e-16,
        "mean": 1.8647251974886514e-16,
        "min": 1.1846027614336664e-16,
        "max": 2.3711738328750103e-16
      },
      "projection_leak_max": {
        "median": 4.619346989061028e-15,
        "mean": 5.1195050342715465e-15,
        "min": 2.293241448955155e-15,
        "max": 1.1903142608542531e-14
      },
      "p_theta_rank_at_change": {
        "median": 4.0,
        "mean": 4.0,
        "min": 4.0,
        "max": 4.0
      },
      "p_theta_min_eig_at_change": {
        "median": 587.9310918175718,
        "mean": 896.3903619984737,
        "min": 223.2839559710085,
        "max": 2464.3492336305376
      },
      "action_energy_phase1_mean": {
        "median": 0.4289764426873815,
        "mean": 0.5755847052630536,
        "min": 0.2636764913833428,
        "max": 1.1587135098088643
      },
      "null_motion_energy_mean": {
        "median": 1.6314154012740678,
        "mean": 1.5035053398870688,
        "min": 0.919494562533779,
        "max": 1.7408544269631576
      }
    },
    "estimation_failure": {
      "rmse_at_change": {
        "median": 0.17853581345760314,
        "mean": 0.15771420908635514,
        "min": 0.09524926753603102,
        "max": 0.1785359418941833
      },
      "task_err_final": {
        "median": 0.1628502543120754,
        "mean": 0.20035402990478862,
        "min": 0.16244784678999044,
        "max": 0.3132677642050132
      },
      "task_err_at_phase2_start": {
        "median": 1.5181852812035483,
        "mean": 1.5293113103821785,
        "min": 1.5181852812035483,
        "max": 1.5626893979180687
      },
      "ee_hold_err_phase1_mean": {
        "median": 0.0,
        "mean": 0.0005808308378670381,
        "min": 0.0,
        "max": 0.0023233233514681523
      },
      "ee_hold_err_phase1_max": {
        "median": 0.0,
        "mean": 0.020928981917030257,
        "min": 0.0,
        "max": 0.08371592766812103
      },
      "projection_leak_mean": {
        "median": 0.0,
        "mean": 1.7474508874868243e-17,
        "min": 0.0,
        "max": 6.989803549947297e-17
      },
      "projection_leak_max": {
        "median": 0.0,
        "mean": 8.611220452628626e-16,
        "min": 0.0,
        "max": 3.4444881810514502e-15
      },
      "p_theta_rank_at_change": {
        "median": 1.0,
        "mean": 1.75,
        "min": 1.0,
        "max": 4.0
      },
      "p_theta_min_eig_at_change": {
        "median": 0.0,
        "mean": 6.557962634669488,
        "min": 0.0,
        "max": 26.231850538677953
      },
      "action_energy_phase1_mean": {
        "median": 0.0,
        "mean": 0.054853314808253624,
        "min": 0.0,
        "max": 0.2194132592330145
      },
      "null_motion_energy_mean": {
        "median": 0.0,
        "mean": 0.34879347948148587,
        "min": 0.0,
        "max": 1.3951739179259435
      }
    }
  }
}