{
  "args": {
    "episodes": 100,
    "seed": 2,
    "max_steps": 20,
    "p_contact": 0.9,
    "p_bg": 0.05,
    "pi_max": 5.0,
    "noise_floor": 0.1,
    "no_plot": true,
    "out": "results/multiSeed/seed2.json"
  },
  "results": [
    {
      "label": "A: no-occ/soft",
      "mean": 3.35,
      "std": 1.3665650368716447,
      "contacted": 100,
      "n": 100,
      "steps": [
        2,
        4,
        5,
        2,
        2,
        5,
        2,
        4,
        5,
        2,
        4,
        5,
        2,
        4,
        5,
        2,
        4,
        5,
        2,
        4,
        5,
        2,
        2,
        5,
        2,
        4,
        5,
        2,
        2,
        5,
        2,
        2,
        5,
        2,
        2,
        5,
        2,
        4,
        5,
        2,
        2,
        5,
        2,
        2,
        5,
        2,
        4,
        5,
        2,
        4,
        5,
        2,
        2,
        5,
        2,
        4,
        5,
        2,
        4,
        5,
        2,
        4,
        5,
        2,
        2,
        5,
        2,
        4,
        5,
        2,
        2,
        5,
        2,
        4,
        5,
        2,
        2,
        5,
        2,
        2,
        5,
        2,
        2,
        5,
        2,
        4,
        5,
        2,
        4,
        5,
        2,
        4,
        5,
        2,
        2,
        5,
        2,
        2,
        5,
        2
      ]
    },
    {
      "label": "B: full-occ/binary",
      "mean": 5.73,
      "std": 5.241860356781741,
      "contacted": 100,
      "n": 100,
      "steps": [
        2,
        3,
        4,
        2,
        3,
        4,
        2,
        3,
        15,
        2,
        3,
        15,
        1,
        3,
        4,
        1,
        12,
        4,
        1,
        3,
        4,
        1,
        3,
        4,
        2,
        12,
        15,
        2,
        3,
        15,
        2,
        3,
        15,
        2,
        12,
        15,
        1,
        3,
        4,
        1,
        3,
        15,
        2,
        3,
        15,
        2,
        3,
        4,
        2,
        12,
        15,
        1,
        12,
        4,
        1,
        12,
        4,
        2,
        3,
        15,
        1,
        3,
        15,
        2,
        3,
        15,
        2,
        12,
        4,
        2,
        3,
        15,
        1,
        12,
        15,
        1,
        12,
        15,
        2,
        3,
        4,
        1,
        3,
        15,
        1,
        3,
        15,
        2,
        3,
        4,
        2,
        12,
        4,
        2,
        3,
        4,
        2,
        3,
        15,
        1
      ]
    },
    {
      "label": "C: full-occ/soft",
      "mean": 4.99,
      "std": 3.0347817054938235,
      "contacted": 100,
      "n": 100,
      "steps": [
        1,
        8,
        6,
        2,
        8,
        9,
        2,
        8,
        6,
        2,
        8,
        9,
        2,
        8,
        9,
        2,
        3,
        9,
        1,
        8,
        6,
        2,
        8,
        9,
        1,
        3,
        9,
        1,
        8,
        6,
        1,
        8,
        6,
        1,
        3,
        6,
        1,
        3,
        6,
        1,
        3,
        6,
        1,
        8,
        9,
        1,
        8,
        6,
        1,
        3,
        9,
        2,
        3,
        6,
        2,
        8,
        6,
        1,
        8,
        9,
        1,
        8,
        6,
        1,
        8,
        6,
        2,
        8,
        6,
        1,
        8,
        9,
        1,
        8,
        6,
        2,
        8,
        9,
        2,
        8,
        9,
        1,
        3,
        6,
        2,
        8,
        6,
        2,
        8,
        6,
        1,
        3,
        9,
        2,
        3,
        6,
        1,
        8,
        6,
        1
      ]
    },
    {
      "label": "D: full-occ/sw",
      "mean": 6.2,
      "std": 6.702238432046417,
      "contacted": 82,
      "n": 100,
      "steps": [
        1,
        7,
        4,
        1,
        3,
        4,
        1,
        3,
        4,
        2,
        7,
        20,
        2,
        3,
        4,
        1,
        3,
        20,
        2,
        3,
        4,
        1,
        7,
        4,
        2,
        3,
        4,
        1,
        7,
        20,
        1,
        3,
        20,
        1,
        7,
        20,
        1,
        7,
        20,
        2,
        7,
        4,
        2,
        7,
        20,
        2,
        3,
        20,
        1,
        3,
        20,
        1,
        7,
        4,
        1,
        3,
        20,
        2,
        7,
        4,
        1,
        3,
        20,
        1,
        3,
        4,
        1,
        3,
        20,
        1,
        3,
        4,
        2,
        3,
        20,
        2,
        3,
        20,
        2,
        7,
        20,
        2,
        3,
        20,
        1,
        3,
        4,
        2,
        3,
        4,
        1,
        3,
        4,
        2,
        7,
        20,
        2,
        7,
        20,
        1
      ]
    },
    {
      "label": "E: full-occ/sw+proprio",
      "mean": 1.99,
      "std": 0.8184741901856161,
      "contacted": 100,
      "n": 100,
      "steps": [
        1,
        2,
        3,
        1,
        2,
        3,
        1,
        2,
        3,
        1,
        2,
        3,
        1,
        2,
        3,
        1,
        2,
        3,
        1,
        2,
        3,
        1,
        2,
        3,
        1,
        2,
        3,
        1,
        2,
        3,
        1,
        2,
        3,
        1,
        2,
        3,
        1,
        2,
        3,
        1,
        2,
        3,
        1,
        2,
        3,
        1,
        2,
        3,
        1,
        2,
        3,
        1,
        2,
        3,
        1,
        2,
        3,
        1,
        2,
        3,
        1,
        2,
        3,
        1,
        2,
        3,
        1,
        2,
        3,
        1,
        2,
        3,
        1,
        2,
        3,
        1,
        2,
        3,
        1,
        2,
        3,
        1,
        2,
        3,
        1,
        2,
        3,
        1,
        2,
        3,
        1,
        2,
        3,
        1,
        2,
        3,
        1,
        2,
        3,
        1
      ]
    },
    {
      "label": "F: proprio+always-on",
      "mean": 1.99,
      "std": 0.8184741901856161,
      "contacted": 100,
      "n": 100,
      "steps": [
        1,
        2,
        3,
        1,
        2,
        3,
        1,
        2,
        3,
        1,
        2,
        3,
        1,
        2,
        3,
        1,
        2,
        3,
        1,
        2,
        3,
        1,
        2,
        3,
        1,
        2,
        3,
        1,
        2,
        3,
        1,
        2,
        3,
        1,
        2,
        3,
        1,
        2,
        3,
        1,
        2,
        3,
        1,
        2,
        3,
        1,
        2,
        3,
        1,
        2,
        3,
        1,
        2,
        3,
        1,
        2,
        3,
        1,
        2,
        3,
        1,
        2,
        3,
        1,
        2,
        3,
        1,
        2,
        3,
        1,
        2,
        3,
        1,
        2,
        3,
        1,
        2,
        3,
        1,
        2,
        3,
        1,
        2,
        3,
        1,
        2,
        3,
        1,
        2,
        3,
        1,
        2,
        3,
        1,
        2,
        3,
        1,
        2,
        3,
        1
      ]
    },
    {
      "label": "G: CT-sw only",
      "mean": 6.42,
      "std": 6.814954145113524,
      "contacted": 81,