{
  "args": {
    "episodes": 100,
    "seed": 1,
    "max_steps": 20,
    "p_contact": 0.9,
    "p_bg": 0.05,
    "pi_max": 5.0,
    "noise_floor": 0.1,
    "no_plot": true,
    "out": "results/multiSeed/seed1.json"
  },
  "results": [
    {
      "label": "A: no-occ/soft",
      "mean": 3.33,
      "std": 1.3715319901482428,
      "contacted": 100,
      "n": 100,
      "steps": [
        2,
        4,
        5,
        2,
        4,
        5,
        2,
        2,
        5,
        2,
        4,
        5,
        2,
        4,
        5,
        2,
        2,
        5,
        2,
        4,
        5,
        2,
        2,
        5,
        2,
        2,
        5,
        2,
        4,
        5,
        2,
        4,
        5,
        2,
        4,
        5,
        2,
        2,
        5,
        2,
        2,
        5,
        2,
        2,
        5,
        2,
        4,
        5,
        2,
        2,
        5,
        2,
        2,
        5,
        2,
        4,
        5,
        2,
        4,
        5,
        2,
        2,
        5,
        2,
        2,
        5,
        2,
        4,
        5,
        2,
        4,
        5,
        2,
        2,
        5,
        2,
        4,
        5,
        2,
        4,
        5,
        2,
        4,
        5,
        2,
        2,
        5,
        2,
        2,
        5,
        2,
        2,
        5,
        2,
        4,
        5,
        2,
        2,
        5,
        2
      ]
    },
    {
      "label": "B: full-occ/binary",
      "mean": 5.92,
      "std": 5.2643708076084454,
      "contacted": 100,
      "n": 100,
      "steps": [
        1,
        12,
        4,
        1,
        12,
        15,
        1,
        3,
        4,
        1,
        3,
        4,
        2,
        3,
        4,
        2,
        3,
        15,
        2,
        3,
        15,
        1,
        3,
        15,
        1,
        3,
        15,
        2,
        12,
        4,
        1,
        12,
        4,
        1,
        12,
        4,
        1,
        3,
        4,
        2,
        12,
        4,
        2,
        3,
        4,
        2,
        3,
        4,
        1,
        3,
        15,
        1,
        3,
        15,
        2,
        12,
        15,
        1,
        12,
        15,
        2,
        3,
        4,
        2,
        3,
        4,
        1,
        12,
        4,
        2,
        3,
        15,
        2,
        12,
        15,
        1,
        12,
        4,
        2,
        12,
        4,
        1,
        3,
        15,
        2,
        3,
        4,
        1,
        12,
        15,
        2,
        12,
        15,
        1,
        12,
        15,
        1,
        3,
        15,
        2
      ]
    },
    {
      "label": "C: full-occ/soft",
      "mean": 4.66,
      "std": 2.8643323829472025,
      "contacted": 100,
      "n": 100,
      "steps": [
        2,
        3,
        9,
        2,
        3,
        6,
        1,
        3,
        9,
        1,
        3,
        6,
        2,
        3,
        6,
        1,
        3,
        9,
        2,
        3,
        6,
        2,
        8,
        6,
        2,
        8,
        6,
        2,
        3,
        9,
        2,
        8,
        9,
        2,
        8,
        6,
        2,
        3,
        6,
        1,
        3,
        6,
        1,
        8,
        6,
        1,
        8,
        6,
        2,
        3,
        6,
        2,
        8,
        6,
        2,
        3,
        9,
        1,
        8,
        9,
        2,
        8,
        6,
        1,
        8,
        9,
        1,
        3,
        6,
        2,
        3,
        9,
        1,
        8,
        9,
        2,
        3,
        6,
        1,
        8,
        6,
        1,
        8,
        6,
        2,
        8,
        9,
        2,
        3,
        6,
        2,
        3,
        9,
        1,
        8,
        9,
        2,
        3,
        6,
        2
      ]
    },
    {
      "label": "D: full-occ/sw",
      "mean": 5.78,
      "std": 6.2587219142569355,
      "contacted": 85,
      "n": 100,
      "steps": [
        1,
        7,
        20,
        1,
        3,
        20,
        1,
        3,
        4,
        2,
        3,
        20,
        1,
        3,
        20,
        2,
        7,
        20,
        2,
        7,
        4,
        1,
        7,
        4,
        1,
        3,
        4,
        1,
        3,
        4,
        2,
        3,
        4,
        1,
        3,
        20,
        1,
        7,
        4,
        1,
        7,
        4,
        1,
        7,
        20,
        2,
        3,
        4,
        1,
        7,
        4,
        1,
        7,
        4,
        2,
        3,
        4,
        2,
        3,
        4,
        1,
        3,
        20,
        1,
        3,
        20,
        1,
        3,
        4,
        1,
        3,
        20,
        2,
        3,
        4,
        2,
        7,
        20,
        2,
        7,
        20,
        1,
        7,
        4,
        2,
        3,
        20,
        2,
        3,
        4,
        1,
        7,
        4,
        1,
        7,
        20,
        2,
        7,
        20,
        1
      ]
    },
    {
      "label": "E: full-occ/sw+proprio",
      "mean": 1.99,
      "std": 0.8184741901856161,
      "contacted": 100,
      "n": 100,
      "steps": [
        1,
        2,
        3,
        1,
        2,
        3,
        1,
        2,
        3,
        1,
        2,
        3,
        1,
        2,
        3,
        1,
        2,
        3,
        1,
        2,
        3,
        1,
        2,
        3,
        1,
        2,
        3,
        1,
        2,
        3,
        1,
        2,
        3,
        1,
        2,
        3,
        1,
        2,
        3,
        1,
        2,
        3,
        1,
        2,
        3,
        1,
        2,
        3,
        1,
        2,
        3,
        1,
        2,
        3,
        1,
        2,
        3,
        1,
        2,
        3,
        1,
        2,
        3,
        1,
        2,
        3,
        1,
        2,
        3,
        1,
        2,
        3,
        1,
        2,
        3,
        1,
        2,
        3,
        1,
        2,
        3,
        1,
        2,
        3,
        1,
        2,
        3,
        1,
        2,
        3,
        1,
        2,
        3,
        1,
        2,
        3,
        1,
        2,
        3,
        1
      ]
    },
    {
      "label": "F: proprio+always-on",
      "mean": 1.99,
      "std": 0.8184741901856161,
      "contacted": 100,
      "n": 100,
      "steps": [
        1,
        2,
        3,
        1,
        2,
        3,
        1,
        2,
        3,
        1,
        2,
        3,
        1,
        2,
        3,
        1,
        2,
        3,
        1,
        2,
        3,
        1,
        2,
        3,
        1,
        2,
        3,
        1,
        2,
        3,
        1,
        2,
        3,
        1,
        2,
        3,
        1,
        2,
        3,
        1,
        2,
        3,
        1,
        2,
        3,
        1,
        2,
        3,
        1,
        2,
        3,
        1,
        2,
        3,
        1,
        2,
        3,
        1,
        2,
        3,
        1,
        2,
        3,
        1,
        2,
        3,
        1,
        2,
        3,
        1,
        2,
        3,
        1,
        2,
        3,
        1,
        2,
        3,
        1,
        2,
        3,
        1,
        2,
        3,
        1,
        2,
        3,
        1,
        2,
        3,
        1,
        2,
        3,
        1,
        2,
        3,
        1,
        2,
        3,
        1
      ]
    },
    {
      "label": "G: CT-sw only",
      "mean": 6.13,
      "std": 6.540114677893653,
      "contacted": 83,